delta_logodds,rep,model,language,ss_shift,dfg_after,detected_bh,detected_raw,false_pos_other_cells
0.0,0,llama3.1-8b,sw,0.0,0.022909373326855557,True,True,26
0.0,1,olmo2-7b,fr,0.0,0.019655510442728844,False,False,27
0.0,2,aya-expanse-8b,zh-CN,0.0,0.011036171988247436,False,False,27
0.0,3,mistral-7b,ko,0.0,0.03834139412692658,True,True,26
0.0,4,gemma2-9b,zh-CN,0.0,0.014351575653045538,False,False,27
0.0,5,aya-expanse-8b,hi,0.0,0.015445984845646918,False,False,27
0.0,6,llama3.1-8b,sw,0.0,0.022909373326855557,True,True,26
0.0,7,solar-10.7b,fr,0.0,0.016171707803417347,False,False,27
0.0,8,bloomz-7b,ar,0.0,0.00984249063001289,False,False,27
0.0,9,aya-expanse-8b,es,0.0,0.0021507037365219002,False,False,27
0.0,10,aya-expanse-8b,ko,0.0,0.0021390645808807077,False,False,27
0.0,11,qwen2.5-7b,es,0.0,0.011653235664514467,False,False,27
0.0,12,olmo2-7b,es,0.0,0.007737591979220895,False,False,27
0.0,13,aya-expanse-8b,zh-CN,0.0,0.011036171988247436,False,False,27
0.0,14,olmo2-7b,es,0.0,0.007737591979220895,False,False,27
0.0,15,yi-1.5-9b,hi,0.0,0.03140158439875762,True,True,26
0.0,16,mistral-7b,hi,0.0,0.03492079930639761,True,True,26
0.0,17,llama3.1-8b,zh-CN,0.0,0.017467029818067643,False,False,27
0.0,18,aya-expanse-8b,sw,0.0,0.027781116310862525,False,True,27
0.0,19,bloomz-7b,sw,0.0,0.005486965477601708,False,False,27
0.1,0,llama3.1-8b,ar,0.022533907041831704,0.005700973054236462,False,False,27
0.1,1,olmo2-7b,fr,0.020520637958779352,0.000865127516050508,False,False,27
0.1,2,yi-1.5-9b,ar,0.02415628156365685,0.00027174117695210747,False,False,26
0.1,3,yi-1.5-9b,es,0.021506506113356152,0.018773867443175135,False,False,27
0.1,4,gemma2-9b,hi,0.023304982629319505,0.00024727229379366343,False,False,26
0.1,5,aya-23-8b,ar,0.022928210433154197,0.013606788292523864,False,False,27
0.1,6,bloomz-7b,ko,0.022407592008573264,0.00138420321516996,False,False,27
0.1,7,bloomz-7b,hi,0.019808128285062357,0.018589416360969113,False,False,26
0.1,8,bloomz-7b,ko,0.022407592008573264,0.00138420321516996,False,False,27
0.1,9,bloomz-7b,ar,0.020179102912671432,0.010336612282658543,False,False,27
0.1,10,bloomz-7b,ko,0.022407592008573264,0.00138420321516996,False,False,27
0.1,11,yi-1.5-9b,hi,0.02481166293677703,0.006589921461980592,False,False,26
0.1,12,llama3.1-8b,sw,0.021965814814987262,0.0009435585118682944,False,False,26
0.1,13,yi-1.5-9b,ar,0.02415628156365685,0.00027174117695210747,False,False,26
0.1,14,bloomz-7b,es,0.02123451158850222,0.0006619432731097064,False,False,27
0.1,15,mistral-7b,ar,0.024050670780776676,0.007965237871774403,False,False,26
0.1,16,aya-23-8b,sw,0.02148557541769091,0.010620503784986685,False,False,27
0.1,17,aya-23-8b,ko,0.021744025141316327,0.011988052255906927,False,False,27
0.1,18,olmo2-7b,sw,0.020077786560954825,0.03275925747632147,False,True,26
0.1,19,solar-10.7b,zh-CN,0.021989713048446758,0.0048542344809469505,False,False,26
0.2,0,solar-10.7b,ko,0.04432616709440087,0.010206507345116493,False,False,26
0.2,1,solar-10.7b,hi,0.04832524416417528,0.020809172339534446,False,True,26
0.2,2,gemma2-9b,hi,0.04645891072742713,0.022906655804313964,True,True,26
0.2,3,llama3.1-8b,ko,0.04314578575464524,0.024291093697981922,False,True,27
0.2,4,solar-10.7b,ko,0.04432616709440087,0.010206507345116493,False,False,26
0.2,5,aya-23-8b,fr,0.04505439984288498,0.0318818253867406,True,True,28
0.2,6,mistral-7b,ko,0.04592429833273367,0.0075829042058070855,False,False,26
0.2,7,qwen2.5-7b,sw,0.04119998031086354,0.01598052457287855,False,False,26
0.2,8,olmo2-7b,hi,0.04758752526595834,0.0007841422351860435,False,False,26
0.2,9,olmo2-7b,ar,0.044819252107690714,0.015096084013363124,False,False,26
0.2,10,yi-1.5-9b,zh-CN,0.03916790201100718,0.035337337549231664,True,True,28
0.2,11,yi-1.5-9b,fr,0.04381371444676115,0.032361021499694755,True,True,28
0.2,12,llama3.1-8b,hi,0.047736561703392175,0.023930100665842176,True,True,26
0.2,13,qwen2.5-7b,hi,0.048239638386470704,0.002791847484132488,False,False,26
0.2,14,bloomz-7b,zh-CN,0.037757501295161956,0.01641279094890241,False,False,27
0.2,15,qwen2.5-7b,ar,0.04218854709388353,0.010282114597069812,False,False,26
0.2,16,qwen2.5-7b,hi,0.048239638386470704,0.002791847484132488,False,False,26
0.2,17,solar-10.7b,zh-CN,0.04386815416243553,0.01702420663304182,False,False,26
0.2,18,yi-1.5-9b,fr,0.04381371444676115,0.032361021499694755,True,True,28
0.2,19,llama3.1-8b,ko,0.04314578575464524,0.024291093697981922,False,True,27
0.3,0,llama3.1-8b,ko,0.06442952896334019,0.04557483690667686,True,True,28
0.3,1,aya-23-8b,zh-CN,0.06342790928271168,0.053418517988995606,True,True,28
0.3,2,bloomz-7b,fr,0.06277693352475928,0.04419510455789702,True,True,28
0.3,3,llama3.1-8b,zh-CN,0.06448440202441855,0.04701737220635091,True,True,28
0.3,4,bloomz-7b,es,0.0633254043778773,0.042752836062484784,True,True,28
0.3,5,yi-1.5-9b,sw,0.06253597404037858,0.030460490785863107,True,True,26
0.3,6,aya-23-8b,zh-CN,0.06342790928271168,0.053418517988995606,True,True,28
0.3,7,aya-23-8b,ko,0.06475828069718345,0.055002307811774044,True,True,28
0.3,8,qwen2.5-7b,ar,0.06296853256759571,0.03106210007078199,True,True,26
0.3,9,solar-10.7b,hi,0.07215661519469274,0.04464054337005191,True,True,26
0.3,10,solar-10.7b,ar,0.07122972458813029,0.04527945736626888,True,True,26
0.3,11,gemma2-9b,ko,0.064494396655596,0.04258560728458403,True,True,28
0.3,12,gemma2-9b,ko,0.064494396655596,0.04258560728458403,True,True,28
0.3,13,mistral-7b,zh-CN,0.06573582215703264,0.03843836117390921,True,True,26
0.3,14,gemma2-9b,hi,0.06936590627724297,0.0458136513541298,True,True,26
0.3,15,bloomz-7b,ko,0.0668008091123871,0.04300901388864388,True,True,28
0.3,16,aya-23-8b,sw,0.06415107232574316,0.05328600069303893,True,True,28
0.3,17,qwen2.5-7b,sw,0.061639166972727456,0.004458662088985368,False,False,26
0.3,18,solar-10.7b,sw,0.0638900384571185,0.034277352235784785,True,True,27
0.3,19,qwen2.5-7b,sw,0.061639166972727456,0.004458662088985368,False,False,26
0.5,0,aya-expanse-8b,hi,0.11652271112802974,0.10107672628238282,True,True,28
0.5,1,aya-expanse-8b,fr,0.10058850025536635,0.09179773250141364,True,True,28
0.5,2,aya-expanse-8b,ko,0.09689607682825244,0.09475701224737172,True,True,28
0.5,3,mistral-7b,ko,0.11301049554572053,0.07466910141879395,True,True,26
0.5,4,gemma2-9b,fr,0.10260280204485833,0.08544418551266805,True,True,28
0.5,5,aya-expanse-8b,ko,0.09689607682825244,0.09475701224737172,True,True,28
0.5,6,gemma2-9b,fr,0.10260280204485833,0.08544418551266805,True,True,28
0.5,7,aya-expanse-8b,sw,0.09508385480278089,0.06730273849191837,True,True,28
0.5,8,solar-10.7b,ko,0.10908255229078237,0.074962892541498,True,True,26
0.5,9,solar-10.7b,ko,0.10908255229078237,0.074962892541498,True,True,26
0.5,10,aya-expanse-8b,zh-CN,0.09159360663750264,0.0805574346492552,True,True,28
0.5,11,aya-expanse-8b,fr,0.10058850025536635,0.09179773250141364,True,True,28
0.5,12,qwen2.5-7b,es,0.10159714899963154,0.08994391333511707,True,True,28
0.5,13,yi-1.5-9b,ar,0.11831784104169003,0.09388981830108108,True,True,26
0.5,14,qwen2.5-7b,ar,0.1035322155050396,0.07162578300822588,True,True,26
0.5,15,aya-expanse-8b,ko,0.09689607682825244,0.09475701224737172,True,True,28
0.5,16,solar-10.7b,zh-CN,0.10801991290598956,0.08117596537659584,True,True,26
0.5,17,yi-1.5-9b,fr,0.10753403893693025,0.09608134598986386,True,True,28
0.5,18,yi-1.5-9b,ar,0.11831784104169003,0.09388981830108108,True,True,26
0.5,19,aya-expanse-8b,ko,0.09689607682825244,0.09475701224737172,True,True,28
0.75,0,gemma2-9b,hi,0.167069875499969,0.14351762057685583,True,True,26
0.75,1,bloomz-7b,es,0.15350372316239355,0.13293115484700105,True,True,28
0.75,2,gemma2-9b,zh-CN,0.14430905687477333,0.1299574812217278,True,True,28
0.75,3,aya-expanse-8b,sw,0.14061013956617,0.11282902325530747,True,True,28
0.75,4,gemma2-9b,fr,0.15048554653786395,0.13332693000567367,True,True,28
0.75,5,aya-expanse-8b,sw,0.14061013956617,0.11282902325530747,True,True,28
0.75,6,aya-23-8b,ko,0.15653221624807817,0.14677624336266876,True,True,28
0.75,7,solar-10.7b,ko,0.16013273831972044,0.12601307857043606,True,True,26
0.75,8,bloomz-7b,fr,0.15148689909231217,0.13290507012544991,True,True,28
0.75,9,olmo2-7b,zh-CN,0.15776605559131684,0.11611557412189806,True,True,26
0.75,10,mistral-7b,es,0.15473729537331574,0.15112905342237054,True,True,28
0.75,11,yi-1.5-9b,ko,0.17030176144846934,0.1414173759272847,True,True,26
0.75,12,llama3.1-8b,ar,0.16164025120624784,0.1448073172186526,True,True,28
0.75,13,aya-23-8b,es,0.16027975551231044,0.15600953701943646,True,True,28
0.75,14,gemma2-9b,hi,0.167069875499969,0.14351762057685583,True,True,26
0.75,15,qwen2.5-7b,hi,0.1733665732877396,0.1279187823854014,True,True,26
0.75,16,aya-expanse-8b,hi,0.17059889517740537,0.15515291033175846,True,True,28
0.75,17,aya-expanse-8b,es,0.1450957128360995,0.1429450090995776,True,True,28
0.75,18,olmo2-7b,ko,0.1573747717798185,0.11807885885559807,True,True,26
0.75,19,aya-23-8b,es,0.16027975551231044,0.15600953701943646,True,True,28
1.0,0,olmo2-7b,ko,0.20416001398581618,0.16486410106159574,True,True,26
1.0,1,solar-10.7b,zh-CN,0.20579369449133306,0.17894974696193935,True,True,26
1.0,2,gemma2-9b,zh-CN,0.18729371538004166,0.17294213972699612,True,True,28
1.0,3,olmo2-7b,hi,0.2220502580586161,0.1752468750278438,True,True,26
1.0,4,bloomz-7b,zh-CN,0.1783296742143783,0.15698496386811875,True,True,28
1.0,5,mistral-7b,es,0.1999498945033779,0.19634165255243272,True,True,28
1.0,6,yi-1.5-9b,ko,0.2201317747701795,0.19124738924899487,True,True,26
1.0,7,aya-expanse-8b,es,0.18837891627869588,0.18622821254217398,True,True,28
1.0,8,yi-1.5-9b,es,0.19841286836127914,0.19568022969109813,True,True,28
1.0,9,solar-10.7b,ko,0.2075108206522464,0.17339116090296203,True,True,26
1.0,10,bloomz-7b,ar,0.1891855573747678,0.17934306674475492,True,True,28
1.0,11,olmo2-7b,es,0.1874576011361278,0.17972000915690692,True,True,28
1.0,12,gemma2-9b,fr,0.1949495376051092,0.1777909210729189,True,True,28
1.0,13,yi-1.5-9b,hi,0.22957203651502242,0.1981704521162648,True,True,26
1.0,14,bloomz-7b,hi,0.1889616201897394,0.15056407554370793,True,True,26
1.0,15,aya-23-8b,zh-CN,0.19956734793278863,0.18955795663907254,True,True,28
1.0,16,bloomz-7b,hi,0.1889616201897394,0.15056407554370793,True,True,26
1.0,17,olmo2-7b,sw,0.1919698414443513,0.13913279740707502,True,True,26
1.0,18,yi-1.5-9b,hi,0.22957203651502242,0.1981704521162648,True,True,26
1.0,19,aya-expanse-8b,ar,0.19820723908847637,0.19311287890899279,True,True,28
