model,pivot,matched_floor
aya-23-8b,de,0.009370509043927722
aya-23-8b,fi,0.0013580129198966784
aya-23-8b,ja,0.004440452196382394
aya-expanse-8b,de,0.0030190852713178895
aya-expanse-8b,fi,3.81912144702401e-05
aya-expanse-8b,ja,0.009833780361757083
bloomz-7b,de,0.012231865633074879
bloomz-7b,fi,0.00781577260981925
bloomz-7b,ja,0.0035806589147286405
gemma2-9b,de,0.015523780361757056
gemma2-9b,fi,0.008438806201550297
gemma2-9b,ja,0.006407940568475434
llama3.1-8b,de,0.006143485788113634
llama3.1-8b,fi,0.007664258397932833
llama3.1-8b,ja,0.0064172661498707595
mistral-7b,de,0.006205516795865673
mistral-7b,fi,0.0031116356589147576
mistral-7b,ja,0.012088232558139567
olmo2-7b,de,0.004559875968992266
olmo2-7b,fi,0.0022217080103358877
olmo2-7b,ja,0.009769470284237636
qwen2.5-7b,de,0.00449559948320416
qwen2.5-7b,fi,0.0192859819121447
qwen2.5-7b,ja,0.008346131782945743
solar-10.7b,de,0.00608843152454791
solar-10.7b,fi,0.008535155038759679
solar-10.7b,ja,0.01696025581395355
yi-1.5-9b,de,0.007983950904392745
yi-1.5-9b,fi,7.286046511628674e-05
yi-1.5-9b,ja,0.0033762093023255724
