model,mean_dfg,clfi_old,ss_std_across_langs,clfi_dispersion,model_group_label
solar-10.7b,0.0040334695033648294,0.9919330609932704,0.004899835946882323,0.9902003281062354,Regional-Centric
llama3.1-8b,0.0049985077774938,0.9900029844450124,0.005418720441800498,0.989162559116399,English-Centric
aya-23-8b,0.0055285369452253074,0.9889429261095494,0.006389750319266593,0.9872204993614668,Multilingual-Native
yi-1.5-9b,0.006724128983161525,0.9865517420336769,0.007681833845513992,0.984636332308972,Regional-Centric
qwen2.5-7b,0.007365948666837033,0.9852681026663259,0.007875273644447562,0.9842494527111049,Regional-Centric
mistral-7b,0.0073835028026237315,0.9852329943947525,0.006125872201936459,0.9877482555961271,English-Centric
gemma2-9b,0.00752628546724593,0.9849474290655081,0.008280685164321495,0.983438629671357,English-Centric
aya-expanse-8b,0.008428803569298926,0.9831423928614021,0.01095358186149291,0.9780928362770142,Multilingual-Native
olmo2-7b,0.010571023718658614,0.9788579525626828,0.010389579804145139,0.9792208403917098,English-Centric
bloomz-7b,0.01331230403782267,0.9733753919243546,0.009300252165198352,0.9813994956696033,Multilingual-Native
