model,matched_dfg_noise,perprobe_mean_abs_dev,perprobe_median_abs_dev
aya-23-8b,0.007368424633936277,0.1620284298018949,0.05991099999999999
aya-expanse-8b,0.00398308613264418,0.15840952368647718,0.09454099999999999
bloomz-7b,0.008369014642549502,0.12271484237726099,0.07369300000000001
gemma2-9b,0.020977124031007804,0.1619550103359173,0.09828200000000004
llama3.1-8b,0.011100386735572787,0.14394968733850128,0.07988899999999999
mistral-7b,0.006251360895779508,0.12962941257536606,0.07216699999999998
olmo2-7b,0.0037175331610680615,0.16922182428940566,0.10082399999999991
qwen2.5-7b,0.002898322136089574,0.1711940223944875,0.10628399999999999
solar-10.7b,0.007909185185185205,0.14636586218776917,0.08916200000000002
yi-1.5-9b,0.010093601205857042,0.14332350645994832,0.08128000000000002
