model,seed,dfg_noise
aya-23-8b,0,0.11831222222222222
aya-23-8b,1,0.210285165374677
aya-23-8b,2,0.15748790180878552
aya-expanse-8b,0,0.11755228165374677
aya-expanse-8b,1,0.20746855555555554
aya-expanse-8b,2,0.1502077338501292
bloomz-7b,0,0.0884624857881137
bloomz-7b,1,0.16086518604651162
bloomz-7b,2,0.11881685529715763
gemma2-9b,0,0.12242189922480619
gemma2-9b,1,0.20494252713178296
gemma2-9b,2,0.15850060465116278
llama3.1-8b,0,0.10551490180878552
llama3.1-8b,1,0.18969386563307492
llama3.1-8b,2,0.13664029457364343
mistral-7b,0,0.09586468992248062
mistral-7b,1,0.15995123514211887
mistral-7b,2,0.13307231266149872
olmo2-7b,0,0.125013669250646
olmo2-7b,1,0.21559948320413436
olmo2-7b,2,0.1670523204134367
qwen2.5-7b,0,0.13708010594315245
qwen2.5-7b,1,0.2092386330749354
qwen2.5-7b,2,0.16726332816537468
solar-10.7b,0,0.11643333333333333
solar-10.7b,1,0.169919511627907
solar-10.7b,2,0.1527447416020672
yi-1.5-9b,0,0.10964999483204134
yi-1.5-9b,1,0.17939511627906976
yi-1.5-9b,2,0.14092540826873384
