model,mean_dfg,floor,diff,dfg_lo,dfg_hi,floor_lo,floor_hi,diff_lo,diff_hi,p_diff_le_0
aya-23-8b,0.009927668551722618,0.005638445092356437,0.0042892234593661805,0.004617008300714364,0.02055668042621171,0.0022427328597113545,0.0165666409079162,-0.008907331068999106,0.015122911230881346,0.2808
aya-expanse-8b,0.01034830991365654,0.00775529239430484,0.002593017519351699,0.006841705230979145,0.025785711135279377,0.003607183801453199,0.02256476244106398,-0.011978366318390837,0.01709689900370273,0.3574
bloomz-7b,0.019716843372271947,0.007778835643265445,0.011938007729006501,0.010476828883276694,0.03426686461363568,0.003516766865563977,0.020234650916047748,-0.0027362786679467534,0.023369887540271056,0.0644
gemma2-9b,0.014758043378461106,0.007245554818037302,0.007512488560423804,0.0069387378637379565,0.029145945897891896,0.003196279175298379,0.020879149709250415,-0.007695771359368477,0.01864669772320343,0.2288
llama3.1-8b,0.01731341010454965,0.008474917660965224,0.008838492443584428,0.007577917988642793,0.02977270157867905,0.0037545678061993272,0.020237775307815516,-0.007960629212152709,0.021269381389613536,0.2034
mistral-7b,0.027291062872404702,0.0069061674693542624,0.02038489540305044,0.0165713504520442,0.040845824921408126,0.0031414271576603865,0.020076903060052446,0.0042818256376289865,0.030555655586017492,0.007
olmo2-7b,0.03395758456828074,0.00404055926235696,0.02991702530592378,0.0190664388227462,0.05153514589038829,0.002750221593737501,0.02054387756276225,0.0066394602534037075,0.0412137853447108,0.0054
qwen2.5-7b,0.03353892304037313,0.013322744238180688,0.02021617880219244,0.018442854979084003,0.05144702698267298,0.005413631211858215,0.02736760950287304,0.0012716104235019619,0.03473795546374773,0.0166
solar-10.7b,0.02318023622576265,0.008281587801857676,0.014898648423904976,0.011837504517468194,0.039120799734255446,0.003555573569007098,0.02021434826626617,-0.0022861286818162394,0.02848347781023009,0.0512
yi-1.5-9b,0.019257910284869943,0.0010579780947822775,0.018199932190087666,0.010998015637806528,0.03494200257596397,0.002283041195786943,0.01673561088920795,2.848126596541283e-05,0.026904049436615413,0.025
